{
  "5": {
    "L": 3.2188758248682006,
    "n_primes": 25,
    "N_final": 100,
    "even_lmin": -6.6064140105057945,
    "even_gap": 0.2851106388333884,
    "even_cauchy": 0.28165005981172353,
    "even_n_star": 98,
    "even_weight": 0.3796175811908656,
    "odd_lmin": -6.633964766080553,
    "odd_gap": 0.36278418058074635,
    "dominant": "ODD",
    "sector_gap": 0.027550755574758945
  },
  "8": {
    "L": 4.1588830833596715,
    "n_primes": 25,
    "N_final": 100,
    "even_lmin": -7.991759113511727,
    "even_gap": 0.6049390280549707,
    "even_cauchy": 0.2095762109956958,
    "even_n_star": 89,
    "even_weight": 0.11632177736346093,
    "odd_lmin": -8.019102090380825,
    "odd_gap": 0.6579760250860645,
    "dominant": "ODD",
    "sector_gap": 0.02734297686909759
  },
  "10": {
    "L": 4.605170185988092,
    "n_primes": 25,
    "N_final": 100,
    "even_lmin": -8.9115448090085,
    "even_gap": 0.35807594872573034,
    "even_cauchy": 0.2623189768496754,
    "even_n_star": 70,
    "even_weight": 0.1611115510414064,
    "odd_lmin": -8.886914305952297,
    "odd_gap": 0.2998375420616064,
    "dominant": "EVEN",
    "sector_gap": 0.024630503056203068
  },
  "13": {
    "L": 5.1298987149230735,
    "n_primes": 25,
    "N_final": 100,
    "even_lmin": -9.275623372416383,
    "even_gap": 0.990290222547273,
    "even_cauchy": 0.9877196843920615,
    "even_n_star": 81,
    "even_weight": 0.2842901003716517,
    "odd_lmin": -9.48871010981345,
    "odd_gap": 0.19235060412982286,
    "dominant": "ODD",
    "sector_gap": 0.21308673739706663
  },
  "16": {
    "L": 5.545177444479562,
    "n_primes": 25,
    "N_final": 100,
    "even_lmin": -9.75387806833337,
    "even_gap": 1.3076804840912502,
    "even_cauchy": 1.2352942097912116,
    "even_n_star": 85,
    "even_weight": 0.2679597134625141,
    "odd_lmin": -10.167140186856546,
    "odd_gap": 0.4526825162819925,
    "dominant": "ODD",
    "sector_gap": 0.4132621185231766
  },
  "20": {
    "L": 5.991464547107982,
    "n_primes": 25,
    "N_final": 100,
    "even_lmin": -9.93620180863618,
    "even_gap": 0.554376895928165,
    "even_cauchy": 0.5525832926021934,
    "even_n_star": 92,
    "even_weight": 0.27845984167178606,
    "odd_lmin": -10.421115611214843,
    "odd_gap": 0.48624014979382046,
    "dominant": "ODD",
    "sector_gap": 0.4849138025786619
  },
  "22": {
    "L": 6.182084906716632,
    "n_primes": 25,
    "N_final": 100,
    "even_lmin": -10.001897926293825,
    "even_gap": 0.4159573065368871,
    "even_cauchy": 0.3686664460496285,
    "even_n_star": 95,
    "even_weight": 0.2573567077734504,
    "odd_lmin": -10.445624941511367,
    "odd_gap": 0.4491379738232997,
    "dominant": "ODD",
    "sector_gap": 0.4437270152175419
  },
  "25": {
    "L": 6.437751649736401,
    "n_primes": 25,
    "N_final": 100,
    "even_lmin": -10.17529834517073,
    "even_gap": 0.49447851272014276,
    "even_cauchy": 0.4674567594630492,
    "even_n_star": 2,
    "even_weight": 0.3954639336903803,
    "odd_lmin": -10.430174345486499,
    "odd_gap": 0.6815374585781271,
    "dominant": "ODD",
    "sector_gap": 0.2548760003157682
  },
  "28": {
    "L": 6.664409020350408,
    "n_primes": 25,
    "N_final": 100,
    "even_lmin": -11.15854879590517,
    "even_gap": 1.3571203515370573,
    "even_cauchy": 1.3565943834381091,
    "even_n_star": 2,
    "even_weight": 0.4555167716652967,
    "odd_lmin": -10.406776452987256,
    "odd_gap": 0.5938363871100858,
    "dominant": "EVEN",
    "sector_gap": 0.7517723429179153
  },
  "30": {
    "L": 6.802394763324311,
    "n_primes": 25,
    "N_final": 100,
    "even_lmin": -11.789628238749069,
    "even_gap": 1.9496978063410957,
    "even_cauchy": 1.9433423308852458,
    "even_n_star": 2,
    "even_weight": 0.4678011781117959,
    "odd_lmin": -10.399983752325758,
    "odd_gap": 0.5227014808196948,
    "dominant": "EVEN",
    "sector_gap": 1.389644486423311
  },
  "35": {
    "L": 7.110696122978827,
    "n_primes": 25,
    "N_final": 100,
    "even_lmin": -13.100713928964607,
    "even_gap": 3.0596084423967937,
    "even_cauchy": 3.0458893027273817,
    "even_n_star": 2,
    "even_weight": 0.48640813174036596,
    "odd_lmin": -10.45174473608446,
    "odd_gap": 0.3746262742779116,
    "dominant": "EVEN",
    "sector_gap": 2.6489691928801467
  },
  "40": {
    "L": 7.3777589082278725,
    "n_primes": 25,
    "N_final": 100,
    "even_lmin": -14.167001977646104,
    "even_gap": 3.995076931674019,
    "even_cauchy": 3.9950648499826364,
    "even_n_star": 2,
    "even_weight": 0.4934388397242609,
    "odd_lmin": -10.59234790251149,
    "odd_gap": 0.4418494337025045,
    "dominant": "EVEN",
    "sector_gap": 3.574654075134614
  },
  "50": {
    "L": 7.824046010856292,
    "n_primes": 25,
    "N_final": 100,
    "even_lmin": -15.717585784016016,
    "even_gap": 5.415627047396342,
    "even_cauchy": 5.399730987828834,
    "even_n_star": 2,
    "even_weight": 0.4936119781960812,
    "odd_lmin": -11.060823913459295,
    "odd_gap": 0.6846886037105921,
    "dominant": "EVEN",
    "sector_gap": 4.656761870556721
  },
  "60": {
    "L": 8.1886891244442,
    "n_primes": 25,
    "N_final": 100,
    "even_lmin": -16.78431752294739,
    "even_gap": 6.352963295243981,
    "even_cauchy": 6.303176659373609,
    "even_n_star": 2,
    "even_weight": 0.48618219516171857,
    "odd_lmin": -11.663063502261329,
    "odd_gap": 1.175889398429442,
    "dominant": "EVEN",
    "sector_gap": 5.121254020686061
  },
  "80": {
    "L": 8.764053269347762,
    "n_primes": 25,
    "N_final": 100,
    "even_lmin": -18.055039443820945,
    "even_gap": 8.380276298754422,
    "even_cauchy": 6.821041947054608,
    "even_n_star": 2,
    "even_weight": 0.46600627403020256,
    "odd_lmin": -12.966768755409003,
    "odd_gap": 3.3116662538650967,
    "dominant": "EVEN",
    "sector_gap": 5.088270688411942
  },
  "100": {
    "L": 9.210340371976184,
    "n_primes": 25,
    "N_final": 100,
    "even_lmin": -18.652316388432467,
    "even_gap": 8.880134500279931,
    "even_cauchy": 6.8243348024568,
    "even_n_star": 2,
    "even_weight": 0.4438258048596633,
    "odd_lmin": -14.331651505805645,
    "odd_gap": 4.518719147644964,
    "dominant": "EVEN",
    "sector_gap": 4.320664882626822
  },
  "130": {
    "L": 9.735068900911164,
    "n_primes": 31,
    "N_final": 100,
    "even_lmin": -23.614481579848192,
    "even_gap": 11.25897247359615,
    "even_cauchy": 9.103637028590473,
    "even_n_star": 2,
    "even_weight": 0.4470448616000498,
    "odd_lmin": -18.13082002333626,
    "odd_gap": 5.765870873753137,
    "dominant": "EVEN",
    "sector_gap": 5.483661556511933
  },
  "170": {
    "L": 10.271596874100524,
    "n_primes": 39,
    "N_final": 100,
    "even_lmin": -29.646359444690525,
    "even_gap": 16.388375933357995,
    "even_cauchy": 11.93367240467056,
    "even_n_star": 2,
    "even_weight": 0.45110331193098424,
    "odd_lmin": -22.662118089372534,
    "odd_gap": 9.393596593216152,
    "dominant": "EVEN",
    "sector_gap": 6.984241355317991
  },
  "200": {
    "L": 10.596634733096073,
    "n_primes": 46,
    "N_final": 100,
    "even_lmin": -34.582660117416715,
    "even_gap": 20.73644643212068,
    "even_cauchy": 14.339080405685454,
    "even_n_star": 2,
    "even_weight": 0.4561814774643282,
    "odd_lmin": -26.2354705697388,
    "odd_gap": 12.438216058290507,
    "dominant": "EVEN",
    "sector_gap": 8.347189547677914
  }
}